Fecha,Hora,Temperatura (C),Humedad (%),Tension (V),Corriente (A),Potencia (W),Timestamp
2025-11-23,10:18:55,21.9,69.9,0,0.327,0,1763911135751
2025-11-23,10:19:25,21.9,69.9,0.52,0.335,0.17,1763911165560
2025-11-23,10:20:49,21.8,66.7,0,0.13,0,1763911249116
2025-11-23,10:21:21,23,67.4,0,0.135,0,1763911281732
2025-11-23,10:21:49,23.2,65.5,0,0.146,0,1763911309149
2025-11-23,10:22:19,23.2,65.4,0,0.172,0,1763911339123
2025-11-23,10:22:53,23.7,73.3,0,0.195,0,1763911373979
2025-11-23,10:23:19,24.6,64.2,10.19,0.21,2.14,1763911399701
2025-11-23,10:23:49,24.2,61.7,10.08,0.205,2.07,1763911429265
2025-11-23,10:24:19,23.6,63.6,8.64,0.206,1.78,1763911459549
2025-11-23,10:24:49,23.1,64.2,10.43,0.211,2.2,1763911489675
2025-11-23,10:25:19,22.7,66.5,10.37,0.22,2.28,1763911519454
2025-11-23,10:25:56,22.3,67.1,10.3,0.238,2.45,1763911556560
2025-11-23,10:26:20,22,68.8,10.31,0.239,2.47,1763911580582
2025-11-23,10:26:49,21.8,68.8,10.17,0.241,2.45,1763911609478
2025-11-23,10:27:19,21.6,70.1,10.37,0.239,2.48,1763911639276
2025-11-23,10:27:49,21.4,70.6,10.36,0.26,2.69,1763911669686
2025-11-23,10:28:19,21.2,71,10.53,0.265,2.79,1763911699481
2025-11-23,10:28:49,21.2,70.8,10.69,0.269,2.87,1763911729390
2025-11-23,10:29:22,21.1,71.4,10.92,0.278,3.04,1763911762184
2025-11-23,10:29:49,21,71.4,10.97,0.275,3.01,1763911789511
2025-11-23,10:30:19,21,71.5,11.02,0.283,3.12,1763911819907
2025-11-23,10:30:51,20.9,71.4,11.39,0.314,3.57,1763911851864
2025-11-23,10:31:22,20.9,71.5,11.4,0.324,3.7,1763911882267
2025-11-23,10:31:49,20.8,71.3,11.55,0.311,3.59,1763911909301
2025-11-23,10:32:19,20.8,70.9,11.56,0.303,3.51,1763911939640
2025-11-23,10:32:52,20.7,71.4,11.56,0.306,3.54,1763911972276
2025-11-23,10:33:19,20.7,71.5,11.51,0.311,3.58,1763911999328
2025-11-23,10:33:51,20.7,71.4,11.56,0.29,3.35,1763912031872
2025-11-23,10:34:19,20.7,71.4,11.54,0.285,3.29,1763912059504
2025-11-23,10:34:57,20.7,71.2,11.39,0.261,2.97,1763912097085
2025-11-23,10:35:21,20.7,70.6,11.32,0.233,2.64,1763912121566
2025-11-23,10:35:51,20.7,70.1,11.55,0.23,2.65,1763912151362
2025-11-23,10:36:21,20.7,70.8,11.56,0.233,2.69,1763912181285
2025-11-23,10:36:51,20.7,71,11.56,0.244,2.82,1763912211585
2025-11-23,10:37:21,20.7,71.2,11.58,0.248,2.87,1763912241389
2025-11-23,10:37:51,20.7,71.3,11.38,0.255,2.9,1763912271477
2025-11-23,10:38:24,20.7,71.4,11.47,0.254,2.91,1763912304362
2025-11-23,10:38:52,20.7,71.5,11.45,0.252,2.89,1763912332595
2025-11-23,10:39:21,20.7,71.3,11.36,0.266,3.02,1763912361497
2025-11-23,10:39:51,20.7,71.2,11.51,0.292,3.37,1763912391609
2025-11-23,10:40:21,20.6,71.1,11.46,0.282,3.23,1763912421729
2025-11-23,10:40:51,20.6,71.1,11.54,0.274,3.17,1763912451499
2025-11-23,10:41:21,20.6,71.2,11.36,0.274,3.11,1763912481706
2025-11-23,10:41:53,20.6,71.7,11.6,0.264,3.06,1763912513964
2025-11-23,10:42:21,20.6,72.3,11.54,0.279,3.22,1763912541505
2025-11-23,10:42:52,20.6,72.4,11.43,0.255,2.91,1763912572138
2025-11-23,10:43:21,20.6,72.4,11.66,0.269,3.13,1763912601534
2025-11-23,10:43:51,20.6,72.3,11.58,0.245,2.83,1763912631514
2025-11-23,10:44:21,20.6,71.9,11.59,0.253,2.93,1763912661645
2025-11-23,10:44:54,20.6,71.8,11.55,0.278,3.21,1763912694502
2025-11-23,10:45:21,20.6,71.8,11.5,0.272,3.12,1763912721625
2025-11-23,10:45:51,20.6,71.6,11.52,0.28,3.23,1763912751625
2025-11-23,10:46:21,20.6,71.6,11.54,0.295,3.4,1763912781748
2025-11-23,10:46:54,20.6,71.6,11.58,0.313,3.62,1763912814129
2025-11-23,10:47:21,20.6,71.1,11.39,0.295,3.36,1763912841998
2025-11-23,10:47:52,20.6,71,11.56,0.301,3.48,1763912872710
2025-11-23,10:48:23,20.6,70.9,11.6,0.312,3.62,1763912903993
2025-11-23,10:48:53,20.6,71.2,11.58,0.283,3.28,1763912933118
2025-11-23,10:49:21,20.6,71.1,11.55,0.275,3.17,1763912961297
2025-11-23,10:49:51,20.6,71.1,11.64,0.258,3.01,1763912991655
2025-11-23,10:50:21,20.6,71,11.74,0.244,2.87,1763913021248
2025-11-23,10:50:51,20.6,70.9,11.58,0.225,2.61,1763913051472
2025-11-23,10:51:21,20.6,70.9,11.52,0.224,2.58,1763913081800
2025-11-23,10:51:51,20.6,71,11.75,0.223,2.62,1763913111359
2025-11-23,10:52:21,20.6,70.9,11.68,0.215,2.51,1763913141469
2025-11-23,10:52:55,20.6,70.8,11.61,0.201,2.34,1763913175872
2025-11-23,10:53:22,20.6,70.7,11.63,0.204,2.37,1763913202996
2025-11-23,10:53:51,20.6,70.7,11.58,0.22,2.55,1763913231599
2025-11-23,10:54:21,20.6,70.7,11.59,0.243,2.81,1763913261478
2025-11-23,10:54:51,20.5,70.6,11.63,0.245,2.85,1763913291376
2025-11-23,10:55:24,20.5,70.5,11.6,0.25,2.91,1763913324342
2025-11-23,10:55:52,20.6,70.3,11.47,0.272,3.12,1763913352002
2025-11-23,10:56:21,20.6,69.9,11.59,0.262,3.04,1763913381714
2025-11-23,10:56:53,20.5,69.8,11.58,0.263,3.05,1763913413019
2025-11-23,10:57:21,20.5,69.9,11.58,0.246,2.85,1763913441646
2025-11-23,10:57:52,20.6,70.1,11.56,0.229,2.65,1763913472949
2025-11-23,10:58:21,20.6,69.9,11.7,0.207,2.43,1763913501722
2025-11-23,10:58:51,20.5,69.8,11.74,0.208,2.45,1763913531609
2025-11-23,10:59:26,20.6,69.8,11.72,0.214,2.51,1763913566017
2025-11-23,10:59:53,20.5,69.8,11.75,0.201,2.36,1763913593914
2025-11-23,11:00:21,20.6,69.8,11.41,0.197,2.24,1763913621624
2025-11-23,11:00:51,20.6,69.6,11.66,0.209,2.44,1763913651740
2025-11-23,11:01:21,20.6,70.1,0,0.221,0,1763913681833
2025-11-23,11:01:51,20.6,69.3,0,0.233,0,1763913711750
2025-11-23,11:02:22,20.7,68.3,11.7,0.237,2.77,1763913742517
2025-11-23,11:02:54,20.7,68.4,11.64,0.243,2.83,1763913774500
2025-11-23,11:03:24,20.7,68.1,0,0.255,0,1763913804253
2025-11-23,11:03:51,20.7,67.9,0,0.259,0,1763913831591
2025-11-23,11:04:21,20.7,68,0,0.258,0,1763913861699
2025-11-23,11:04:52,20.6,68,0,0.245,0,1763913892726
2025-11-23,11:05:24,20.7,67.4,11.75,0.252,2.96,1763913924367
2025-11-23,11:05:52,20.7,67.6,11.25,0.267,3,1763913952015
2025-11-23,11:06:21,20.7,67.4,1.8,0.273,0.49,1763913981814
2025-11-23,11:06:51,20.7,67.9,11.75,0.272,3.2,1763914011920
2025-11-23,11:07:21,20.8,67.4,11.86,0.261,3.09,1763914041718
2025-11-23,11:07:51,20.8,68.3,4.79,0.268,1.28,1763914071522
2025-11-23,11:08:21,20.8,67.8,4.79,0.279,1.33,1763914101519
2025-11-23,11:08:51,20.8,67.7,11.58,0.307,3.55,1763914131727
2025-11-23,11:09:24,20.7,67.6,6.09,0.307,1.87,1763914164291
2025-11-23,11:09:54,20.7,67.3,5.36,0.295,1.58,1763914194966
2025-11-23,11:10:21,20.7,67.4,4.81,0.277,1.33,1763914221737
2025-11-23,11:10:51,20.7,67.5,11.89,0.299,3.55,1763914251843
2025-11-23,11:11:21,20.8,69,4.59,0.307,1.41,1763914281948
2025-11-23,11:11:51,20.8,68.4,5.32,0.304,1.62,1763914311746
2025-11-23,11:12:21,20.8,67.8,5.4,0.294,1.59,1763914341852
2025-11-23,11:12:51,20.8,68,4.49,0.301,1.35,1763914371651
2025-11-23,11:13:23,20.7,67.8,4.48,0.27,1.21,1763914403297
2025-11-23,11:13:51,20.7,68,4.47,0.286,1.28,1763914431825
2025-11-23,11:14:21,20.7,68.3,4.52,0.314,1.42,1763914461515
2025-11-23,11:14:51,20.7,68.4,4.51,0.316,1.43,1763914491916
2025-11-23,11:15:24,20.7,68.4,5.06,0.308,1.56,1763914524172
2025-11-23,11:15:52,20.7,67.9,5.11,0.31,1.58,1763914552421
2025-11-23,11:16:22,20.8,68,4.7,0.324,1.52,1763914582668
2025-11-23,11:16:52,20.8,67.8,4.9,0.313,1.54,1763914612177
2025-11-23,11:17:21,20.7,68,5.55,0.326,1.81,1763914641987
2025-11-23,11:17:51,20.7,67.8,5.7,0.34,1.94,1763914671785
2025-11-23,11:18:22,20.8,68.2,11.94,0.318,3.8,1763914702198
2025-11-23,11:18:53,20.8,67.2,11.97,0.292,3.5,1763914733225
2025-11-23,11:19:24,20.8,67.1,5.67,0.286,1.62,1763914764560
2025-11-23,11:19:52,20.8,67.3,5.65,0.297,1.68,1763914792208
2025-11-23,11:20:21,20.8,67.3,5.03,0.279,1.4,1763914821459
2025-11-23,11:20:52,20.8,67.2,5.21,0.276,1.44,1763914852078
2025-11-23,11:21:21,20.8,66.6,5.51,0.308,1.7,1763914881750
2025-11-23,11:21:51,20.8,66.8,5.02,0.296,1.48,1763914911549
2025-11-23,11:22:21,20.8,66.6,4.98,0.304,1.52,1763914941672
2025-11-23,11:22:54,20.8,66.9,5.52,0.316,1.75,1763914974345
2025-11-23,11:23:21,20.8,67.2,5.5,0.346,1.91,1763915001658
2025-11-23,11:23:52,20.8,67.4,4.95,0.356,1.76,1763915032918
2025-11-23,11:24:24,20.8,67.6,4.94,0.386,1.91,1763915064232
2025-11-23,11:24:54,20.7,67.9,5.67,0.384,2.18,1763915094145
2025-11-23,11:25:23,20.7,68.1,5.73,0.348,1.99,1763915123678
2025-11-23,11:25:54,20.7,67.7,5.75,0.334,1.92,1763915154109
2025-11-23,11:26:21,20.7,67.8,5.7,0.324,1.84,1763915181924
2025-11-23,11:26:51,20.7,68,4.98,0.329,1.64,1763915211487
2025-11-23,11:27:23,20.7,67.7,5.02,0.318,1.59,1763915243044
2025-11-23,11:27:51,20.7,68.6,4.97,0.323,1.61,1763915271383
2025-11-23,11:28:24,20.7,68.6,5.08,0.305,1.55,1763915304364
2025-11-23,11:29:23,20.7,69.1,5.16,0.307,1.58,1763915363687
2025-11-23,11:29:52,20.7,68.6,5.26,0.322,1.69,1763915392565
2025-11-23,11:30:21,20.7,69.7,5.85,0.312,1.82,1763915421502
2025-11-23,11:30:55,20.7,69.9,5.27,0.314,1.66,1763915455687
2025-11-23,11:31:21,20.7,70.2,5.28,0.298,1.57,1763915481513
2025-11-23,11:31:51,20.7,70.5,6.06,0.304,1.84,1763915511659
2025-11-23,11:32:21,20.7,70.5,5.87,0.304,1.79,1763915541824
2025-11-23,11:32:51,20.7,70.4,5.78,0.342,1.97,1763915571425
2025-11-23,11:33:21,20.7,70.3,5.82,0.358,2.09,1763915601867
2025-11-23,11:33:55,20.7,69.7,5.18,0.336,1.74,1763915635694
2025-11-23,11:34:21,20.7,70.1,5.48,0.334,1.83,1763915661746
2025-11-23,11:34:51,20.7,70.3,5.19,0.332,1.72,1763915691538
2025-11-23,11:35:21,20.7,70.2,5.12,0.356,1.82,1763915721684
2025-11-23,11:35:51,20.7,69.7,5.13,0.355,1.82,1763915751745
2025-11-23,11:36:21,20.6,70.7,5.14,0.347,1.78,1763915781687
2025-11-23,11:36:51,20.6,68.7,5.85,0.298,1.74,1763915811645
2025-11-23,11:37:21,20.6,67.7,5.55,0.265,1.47,1763915841752
2025-11-23,11:37:51,20.6,70.1,5.14,0.277,1.43,1763915871550
2025-11-23,11:38:21,20.6,70.9,4.94,0.283,1.4,1763915901756
2025-11-23,11:38:51,20.7,70.9,5.51,0.284,1.57,1763915931769
2025-11-23,11:39:21,20.6,70.4,5.5,0.263,1.45,1763915961580
2025-11-23,11:39:51,20.6,70,5.5,0.27,1.49,1763915991664
2025-11-23,11:40:22,20.6,68.2,5.33,0.283,1.51,1763916022078
2025-11-23,11:40:51,20.6,70,4.56,0.303,1.38,1763916051571
2025-11-23,11:41:22,20.6,71,4.62,0.31,1.43,1763916082089
2025-11-23,11:41:52,20.6,70.3,4.56,0.304,1.39,1763916112097
2025-11-23,11:42:21,20.6,68.9,4.96,0.306,1.52,1763916141940
2025-11-23,11:42:51,20.6,70.2,4.73,0.289,1.37,1763916171686
2025-11-23,11:43:21,20.7,71.1,4.98,0.312,1.56,1763916201506
2025-11-23,11:43:51,20.7,69.5,5.03,0.284,1.43,1763916231897
2025-11-23,11:44:26,20.6,69.2,5.09,0.269,1.37,1763916266849
2025-11-23,11:44:59,20.6,67.8,5.1,0.248,1.26,1763916299213
2025-11-23,11:45:27,20.6,67.5,5.1,0.251,1.28,1763916327766
2025-11-23,11:45:54,20.6,71.1,4.88,0.273,1.33,1763916354184
2025-11-23,11:46:26,20.7,71.9,5.33,0.262,1.4,1763916386956
2025-11-23,15:11:49,21.2,81.6,2.71,0.306,0.83,1763928709083
2025-11-23,15:12:16,21.2,81.1,2.69,0.286,0.77,1763928736855
2025-11-23,15:12:51,21.2,80.8,3.12,0.294,0.92,1763928771592
2025-11-23,15:13:17,21.2,80.6,3,0.297,0.89,1763928797001
2025-11-23,15:13:47,21.2,80.5,2.17,0.286,0.62,1763928827103
2025-11-23,15:14:21,21.2,80.4,2.3,0.271,0.62,1763928861718
2025-11-23,15:14:47,21.2,80.3,2.95,0.26,0.77,1763928887018
2025-11-23,15:15:17,21.2,80.2,2.97,0.264,0.79,1763928917114
2025-11-23,15:15:47,21.2,80.1,2.87,0.253,0.73,1763928947529
2025-11-23,15:16:17,21.2,79.8,2.96,0.271,0.8,1763928977116
2025-11-23,15:16:47,21.2,79.7,2.46,0.259,0.64,1763929007121
2025-11-23,15:17:17,21.2,79.6,2.6,0.26,0.67,1763929037644
2025-11-23,15:17:47,21.2,79.4,2.7,0.257,0.69,1763929067013
2025-11-23,15:18:17,21.2,78.5,2.54,0.267,0.68,1763929097129
2025-11-23,15:18:47,21.2,78.8,2.39,0.271,0.65,1763929127247
2025-11-23,15:19:17,21.2,78.9,2.24,0.269,0.6,1763929157348
2025-11-23,15:19:47,21.2,78.8,2.76,0.267,0.74,1763929187141
2025-11-23,15:20:18,21.2,78.7,2.64,0.266,0.7,1763929218730
2025-11-23,15:20:47,21.2,78.8,1.89,0.255,0.48,1763929247341
2025-11-23,15:21:17,21.2,78.7,2.72,0.243,0.66,1763929277054
2025-11-23,15:21:47,21.2,78.7,2.8,0.226,0.63,1763929307693
2025-11-23,15:22:17,21.1,78.1,2.77,0.216,0.6,1763929337060
2025-11-23,15:22:47,21.2,78.2,2.61,0.205,0.53,1763929367189
2025-11-23,15:23:17,21.1,78.2,1.87,0.2,0.37,1763929397273
2025-11-23,15:23:47,21.1,78.1,1.92,0.188,0.36,1763929427680
2025-11-23,15:24:17,21.1,78.2,2,0.176,0.35,1763929457190
2025-11-23,15:24:47,21.1,78.2,2.37,0.191,0.45,1763929487564
2025-11-23,15:25:17,21.1,78.1,2.77,0.196,0.54,1763929517197
2025-11-23,15:25:47,21.1,78.1,2.82,0.189,0.54,1763929547184
2025-11-23,15:26:17,21.1,78.2,3.32,0.199,0.66,1763929577934
2025-11-23,15:26:47,21.1,78.2,3.18,0.223,0.71,1763929607083
2025-11-23,15:27:17,21.1,78.2,3.01,0.224,0.68,1763929637497
2025-11-23,15:27:47,21.1,78.1,2.39,0.221,0.53,1763929667494
2025-11-23,15:28:17,21.1,77.4,3.11,0.236,0.73,1763929697423
2025-11-23,15:28:47,21.1,77.7,3.3,0.248,0.82,1763929727206
2025-11-23,15:29:16,21.1,77.6,3.19,0.247,0.79,1763929756996
2025-11-23,15:29:47,21.1,77.6,3.24,0.256,0.83,1763929787097
2025-11-23,15:30:17,21.1,77.4,2.73,0.249,0.68,1763929817198
2025-11-23,15:30:47,21.1,77.4,2.81,0.237,0.67,1763929847014
2025-11-23,15:31:24,21.1,77.3,2.88,0.241,0.69,1763929884350
2025-11-23,15:31:51,21.1,76.9,2.56,0.241,0.62,1763929911709
2025-11-23,15:32:22,21.1,77.1,2.32,0.252,0.59,1763929942265
2025-11-23,15:32:49,21.1,77.1,2.32,0.238,0.55,1763929969287
2025-11-23,15:33:22,21.1,77.2,2.34,0.22,0.52,1763930002161
2025-11-23,15:33:52,21.1,77.2,3.03,0.238,0.72,1763930032978
2025-11-23,15:34:20,21.1,76,2.65,0.284,0.75,1763930060835
2025-11-23,15:34:49,21.1,76.4,2.78,0.302,0.84,1763930089487
2025-11-23,15:35:19,21.1,76.6,2.79,0.298,0.83,1763930119489
2025-11-23,15:35:49,21.1,76.8,3.73,0.293,1.09,1763930149404
2025-11-23,15:36:19,21.1,76.8,3.86,0.305,1.18,1763930179975
2025-11-23,15:36:50,21.1,76.8,3.87,0.301,1.16,1763930210114
2025-11-23,15:37:19,21.1,77,3.22,0.291,0.94,1763930239934
2025-11-23,15:37:50,21.1,76.9,3.23,0.278,0.9,1763930270932
2025-11-23,15:38:22,21.1,76.4,3.12,0.249,0.78,1763930302691
2025-11-23,15:38:51,21.1,75.6,3.01,0.227,0.68,1763930331760
2025-11-23,15:39:19,21.1,75.6,2.78,0.214,0.6,1763930359616
2025-11-23,15:39:49,21.1,76.2,2.69,0.214,0.58,1763930389202
2025-11-23,15:40:22,21.1,76.3,3.11,0.204,0.64,1763930422150
2025-11-23,15:40:49,21.1,76.3,3.05,0.202,0.62,1763930449476
2025-11-23,15:41:19,21.1,75.7,2.92,0.214,0.62,1763930479918
2025-11-23,15:41:49,21.1,75.8,2.23,0.236,0.53,1763930509554
2025-11-23,15:42:26,21.1,76.2,2.96,0.244,0.72,1763930546769
2025-11-23,15:42:49,21.1,76.4,3.01,0.26,0.78,1763930569272
2025-11-23,15:43:19,21.1,76.3,2.88,0.262,0.76,1763930599509
2025-11-23,15:43:52,21.1,76.3,2.78,0.258,0.72,1763930632220
2025-11-23,15:44:19,21.1,76.3,2.04,0.281,0.57,1763930659561
2025-11-23,15:44:49,21.1,76.4,2.02,0.282,0.57,1763930689338
2025-11-23,15:45:19,21.1,76.5,1.95,0.284,0.55,1763930719871
2025-11-23,15:45:49,21.1,76.3,2,0.276,0.55,1763930749567
2025-11-23,15:46:19,21.1,76.4,1.99,0.264,0.52,1763930779737
2025-11-23,15:46:49,21.1,76.6,1.95,0.251,0.49,1763930809276
2025-11-23,15:47:19,21.1,76.6,2.51,0.247,0.62,1763930839575
2025-11-23,15:47:49,21.1,76.6,2.4,0.247,0.59,1763930869490
2025-11-23,15:48:23,21,76.6,1.86,0.239,0.44,1763930903780
2025-11-23,15:48:49,21.1,76.6,1.78,0.24,0.43,1763930929263
2025-11-23,15:49:19,21,76.5,2.58,0.23,0.59,1763930959988
2025-11-23,15:49:49,21,76.5,2.61,0.239,0.62,1763930989778
2025-11-23,15:50:19,21.1,76.5,2.48,0.233,0.58,1763931019375
2025-11-23,15:50:52,21.1,76.5,2.42,0.257,0.62,1763931052165
2025-11-23,15:51:22,21,76.6,1.77,0.262,0.46,1763931082479
2025-11-23,15:51:49,21.1,76.6,1.68,0.258,0.43,1763931109384
2025-11-23,15:52:19,21,76.7,1.65,0.262,0.43,1763931139628
2025-11-23,15:52:49,21.1,76.7,1.6,0.253,0.4,1763931169493
2025-11-23,15:53:19,21,76.7,1.5,0.259,0.39,1763931199592
2025-11-23,15:53:49,21.1,76.7,2.1,0.274,0.58,1763931229402
2025-11-23,15:54:19,21,76.8,2.17,0.272,0.59,1763931259495
2025-11-23,15:54:49,21.1,76.9,1.55,0.26,0.4,1763931289313
2025-11-23,15:55:19,21.1,76.9,1.47,0.27,0.4,1763931319284
2025-11-23,15:55:49,21,77,1.53,0.27,0.41,1763931349842
2025-11-23,15:56:19,21,77.1,2.39,0.264,0.63,1763931379420
2025-11-23,15:56:49,21,77.2,2.38,0.266,0.63,1763931409434
2025-11-23,15:57:19,21,77.2,2.43,0.264,0.64,1763931439522
2025-11-23,15:57:49,21.1,77.2,1.85,0.257,0.47,1763931469539
2025-11-23,15:58:19,21.1,77.2,1.85,0.246,0.45,1763931499743
2025-11-23,15:58:49,21.1,77.2,1.84,0.239,0.44,1763931529523
2025-11-23,15:59:19,21.1,77.2,1.84,0.255,0.47,1763931559735
2025-11-23,15:59:49,21.1,77.3,1.88,0.261,0.49,1763931589429
2025-11-23,16:00:19,21.1,77.2,2.39,0.293,0.7,1763931619234
2025-11-23,16:00:49,21,77.1,2.46,0.296,0.73,1763931649336
2025-11-23,16:01:19,21.1,77,1.85,0.299,0.55,1763931679470
2025-11-23,16:01:49,21,76.9,1.85,0.314,0.58,1763931709236
2025-11-23,16:02:23,21.1,76.8,1.78,0.324,0.58,1763931743318
2025-11-23,16:02:49,21.1,76.7,2.64,0.324,0.85,1763931769278
2025-11-23,16:03:19,21.1,76.6,2.56,0.315,0.81,1763931799252
2025-11-23,16:03:49,21.1,76.6,2.43,0.307,0.75,1763931829371
2025-11-23,16:04:19,21.1,76.6,1.65,0.281,0.47,1763931859180
2025-11-23,16:04:49,21.1,76.6,1.53,0.283,0.43,1763931889294
2025-11-23,16:05:19,21.1,76.5,1.47,0.287,0.42,1763931919475
2025-11-23,16:05:49,21.1,76.5,1.41,0.27,0.38,1763931949572
2025-11-23,16:06:19,21.1,76.5,1.37,0.246,0.34,1763931979282
2025-11-23,16:06:49,21.1,76.4,1.26,0.228,0.29,1763932009377
2025-11-23,16:07:19,21.1,76.3,1.68,0.241,0.4,1763932039494
2025-11-23,16:07:49,21.1,76.3,1.64,0.233,0.38,1763932069916
2025-11-23,16:08:19,21.1,76.2,0.92,0.221,0.2,1763932099394
2025-11-23,16:08:49,21.1,76.3,0.92,0.222,0.2,1763932129491
2025-11-23,16:09:19,21.1,76.2,1.67,0.213,0.35,1763932159901
2025-11-23,16:09:49,21.1,76.1,1.69,0.213,0.36,1763932189106
2025-11-23,16:10:19,21.1,76.1,1.56,0.224,0.35,1763932219512
2025-11-23,16:10:49,21.1,75.9,0.92,0.232,0.21,1763932249297
2025-11-23,16:11:19,21.1,75.9,0.92,0.24,0.22,1763932279406
2025-11-23,16:11:49,21.1,75.8,0.87,0.238,0.21,1763932309283
2025-11-23,16:12:22,21.1,75.8,0.93,0.25,0.23,1763932342371
2025-11-23,16:12:49,21.1,75.6,0.86,0.255,0.22,1763932369240
2025-11-23,16:13:19,21.1,75.4,1.46,0.249,0.36,1763932399216
2025-11-23,16:13:49,21.1,75.2,1.39,0.248,0.34,1763932429740
2025-11-23,16:14:24,21.1,75,0.73,0.223,0.16,1763932464783
2025-11-23,16:30:00,21,75.4,0.79,0.261,0.21,1763933400041
2025-11-23,16:30:32,21,75.2,0.79,0.276,0.22,1763933432017
2025-11-23,16:30:57,21,75.2,0.77,0.299,0.23,1763933457360
2025-11-23,16:31:27,21,75.3,0.79,0.286,0.23,1763933487422
2025-11-23,16:31:57,21,75.4,1.44,0.267,0.38,1763933517747
2025-11-23,16:32:27,21,75.5,1.42,0.254,0.36,1763933547408
2025-11-23,16:32:57,21,75.5,0.84,0.251,0.21,1763933577680
2025-11-23,16:33:27,21,75.5,0.75,0.248,0.19,1763933607725
2025-11-23,16:34:03,21,75.5,1.5,0.241,0.36,1763933643088
2025-11-23,16:34:31,21,75.6,1.47,0.247,0.36,1763933671629
2025-11-23,16:35:04,21,75.6,1.29,0.235,0.3,1763933704196
2025-11-23,16:35:30,21,75.6,1.29,0.25,0.32,1763933730404
2025-11-23,16:35:59,21,75.6,0.68,0.265,0.18,1763933759809
2025-11-23,16:36:29,21,75.5,0.68,0.256,0.17,1763933789907
2025-11-23,16:37:02,21,75.5,0.62,0.251,0.16,1763933822836
2025-11-23,16:37:29,21,75.6,0.59,0.241,0.14,1763933849776
2025-11-23,16:38:00,21,75.5,0.62,0.247,0.15,1763933880020
2025-11-23,16:38:30,20.9,75.6,1.21,0.238,0.29,1763933910093
2025-11-23,16:39:00,21,75.4,1.17,0.226,0.27,1763933940411
2025-11-23,16:39:30,21,75.5,0.55,0.221,0.12,1763933970667
2025-11-23,16:39:59,20.9,75.5,0.55,0.207,0.11,1763933999736
2025-11-23,16:40:29,21,75.4,1.39,0.243,0.34,1763934029822
2025-11-23,16:41:00,20.9,75.4,1.1,0.268,0.3,1763934060256
2025-11-23,16:41:29,20.9,75.4,1.14,0.268,0.3,1763934089815
2025-11-23,16:41:59,20.9,75.4,0.55,0.272,0.15,1763934119950
2025-11-23,16:42:29,20.9,75.4,0.55,0.285,0.16,1763934149648
2025-11-23,16:43:00,20.9,75.4,0.54,0.303,0.16,1763934180041
2025-11-23,16:43:29,20.9,75.3,0.55,0.308,0.17,1763934209980
2025-11-23,16:44:00,21,75.3,0.55,0.305,0.17,1763934240483
2025-11-23,16:44:29,20.9,75.2,1.1,0.276,0.3,1763934269846
2025-11-23,16:44:59,20.9,75.3,0.55,0.268,0.15,1763934299913
2025-11-23,16:45:30,20.9,75.3,0.55,0.278,0.15,1763934330288
2025-11-23,16:46:00,20.9,75.2,1.37,0.29,0.4,1763934360517
2025-11-23,16:46:29,20.9,75.2,1.34,0.276,0.37,1763934389906
2025-11-23,16:46:59,20.9,75.2,1.1,0.265,0.29,1763934419783
2025-11-23,16:47:30,20.9,75.2,0.55,0.262,0.14,1763934450066
2025-11-23,16:48:00,20.9,75.1,0.55,0.256,0.14,1763934480276
2025-11-23,16:48:29,20.9,75.1,0.55,0.248,0.14,1763934509660
2025-11-23,16:49:01,20.9,75.1,0.55,0.243,0.13,1763934541933
2025-11-23,16:49:32,20.9,75,0.53,0.23,0.12,1763934572052
2025-11-23,16:49:59,20.9,75,1.06,0.238,0.25,1763934599679
2025-11-23,16:50:30,20.9,74.9,1.07,0.231,0.25,1763934630742
2025-11-23,16:50:59,20.9,74.9,0.53,0.238,0.13,1763934659925
2025-11-23,16:51:31,20.9,74.8,0.54,0.244,0.13,1763934691474
2025-11-23,16:52:00,20.9,74.8,1.3,0.26,0.34,1763934720438
2025-11-23,16:52:30,20.9,74.8,1.3,0.287,0.37,1763934750773
2025-11-23,16:53:00,20.9,74.8,1.06,0.295,0.31,1763934780510
2025-11-23,16:53:31,20.9,74.7,0.52,0.295,0.15,1763934811378
2025-11-23,16:53:59,20.9,74.7,0.53,0.302,0.16,1763934839727
2025-11-23,16:54:29,20.9,74.7,0.54,0.314,0.17,1763934869899
2025-11-23,16:55:00,20.9,74.7,0.54,0.317,0.17,1763934900735
2025-11-23,16:55:29,20.9,74.6,0.49,0.312,0.15,1763934929824
2025-11-23,16:56:00,20.9,74.6,0.99,0.283,0.28,1763934960048
2025-11-23,16:56:29,20.9,74.6,1.03,0.276,0.28,1763934989825
2025-11-23,16:57:00,20.9,74.6,0.52,0.262,0.14,1763935020562
2025-11-23,16:57:32,20.9,74.5,0.51,0.259,0.13,1763935052593
2025-11-23,16:57:59,20.9,74.5,1.26,0.244,0.31,1763935079828
2025-11-23,16:58:40,20.9,74.5,0.95,0.228,0.22,1763935120385
2025-11-23,16:58:59,20.9,74.5,0.98,0.218,0.21,1763935139731
2025-11-23,16:59:35,20.9,74.5,0.48,0.215,0.1,1763935175434
2025-11-23,17:00:00,20.9,74.4,0.52,0.223,0.12,1763935200256
2025-11-23,17:00:30,20.9,74.4,0.52,0.224,0.12,1763935230131
2025-11-23,17:01:04,20.9,74.3,0.53,0.241,0.13,1763935264399
2025-11-23,17:01:33,20.9,74.3,0.52,0.238,0.12,1763935293641
2025-11-23,17:01:59,20.9,74.3,1.04,0.253,0.26,1763935319987
2025-11-23,17:02:31,20.9,74.3,1.04,0.245,0.26,1763935351562
2025-11-23,17:03:01,20.9,74.2,0.53,0.233,0.12,1763935381590
2025-11-23,17:03:30,20.9,74.2,1.3,0.242,0.31,1763935410546
2025-11-23,17:04:03,20.9,74.2,1.29,0.244,0.31,1763935443700
2025-11-23,17:04:44,20.9,74.1,1.09,0.237,0.26,1763935484947
2025-11-23,17:05:11,20.9,74.1,0.53,0.237,0.13,1763935511919
2025-11-23,17:05:30,20.9,74.1,1.04,0.229,0.24,1763935530815
2025-11-23,17:06:04,20.9,74.2,0.54,0.23,0.12,1763935564395
2025-11-23,17:06:31,20.9,74.1,0.53,0.242,0.13,1763935591184
2025-11-23,17:07:00,20.9,74.2,0.51,0.252,0.13,1763935620451
2025-11-23,17:07:30,20.9,74.1,0.53,0.289,0.15,1763935650608
2025-11-23,17:08:02,20.9,74.1,0.52,0.279,0.14,1763935682904
2025-11-23,17:08:30,20.9,74.1,0.54,0.275,0.15,1763935710856
2025-11-23,17:09:03,20.9,74,1.04,0.269,0.28,1763935743177
2025-11-23,17:09:31,20.9,74,1.08,0.266,0.29,1763935771654
2025-11-23,17:10:00,20.9,74,0.61,0.284,0.17,1763935800209
2025-11-23,17:10:30,20.9,74,1.34,0.259,0.35,1763935830314
2025-11-23,17:11:00,20.9,74,1.31,0.257,0.34,1763935860736
2025-11-23,17:11:30,20.9,73.9,1,0.223,0.22,1763935890217
2025-11-23,17:12:00,20.9,73.9,0.92,0.215,0.2,1763935920631
2025-11-23,17:12:30,20.9,73.9,0.45,0.207,0.09,1763935950470
2025-11-23,17:13:00,20.9,73.9,0.37,0.214,0.08,1763935980979
2025-11-23,17:13:31,20.9,73.9,0.41,0.228,0.09,1763936011260
2025-11-23,17:14:00,20.9,74.1,0.41,0.231,0.1,1763936040439
2025-11-23,17:14:30,20.9,74,0.38,0.241,0.09,1763936070258
2025-11-23,17:15:00,20.9,74.1,0.9,0.242,0.22,1763936100343
2025-11-23,17:15:30,20.9,74.2,0.34,0.236,0.08,1763936130143
2025-11-23,17:16:00,20.9,74.2,0.77,0.253,0.19,1763936160557
2025-11-23,17:16:30,20.9,74.2,1.09,0.245,0.27,1763936190372
2025-11-23,17:17:00,20.9,74.3,0.73,0.24,0.18,1763936220152
2025-11-23,17:17:30,20.9,74.4,0.69,0.239,0.16,1763936250581
2025-11-23,17:18:00,21,74.5,0.21,0.241,0.05,1763936280379
2025-11-23,17:18:30,21,74.5,0.18,0.238,0.04,1763936310471
2025-11-23,17:19:00,21,74.5,0.18,0.24,0.04,1763936340276
2025-11-23,17:19:30,21,74.5,0.18,0.252,0.05,1763936370204
2025-11-23,17:20:00,20.9,74.6,0.47,0.251,0.12,1763936400188
2025-11-23,17:20:31,20.9,74.6,0.13,0.26,0.03,1763936431820
2025-11-23,17:21:00,21,74.6,0.17,0.27,0.05,1763936460526
2025-11-23,17:21:30,20.9,74.5,0.21,0.249,0.05,1763936490179
2025-11-23,17:22:00,21,74.6,0.06,0.254,0.01,1763936520293
2025-11-23,17:22:30,21,74.6,0.02,0.248,0.01,1763936550404
2025-11-23,17:23:00,21,74.5,0,0.255,0,1763936580188
2025-11-23,17:23:30,21,74.5,0,0.251,0,1763936610590
2025-11-23,17:24:00,21,74.5,0,0.274,0,1763936640085
2025-11-23,17:24:30,21,74.4,0,0.268,0,1763936670191
2025-11-23,17:25:00,21,74.4,0,0.257,0,1763936700602
2025-11-23,17:25:30,21,74.4,0,0.258,0,1763936730443
2025-11-23,17:26:00,21,74.4,0,0.262,0,1763936760628
2025-11-23,17:26:30,20.9,74.4,0,0.248,0,1763936790315
2025-11-23,17:27:00,21,74.3,0,0.241,0,1763936820626
2025-11-23,17:27:30,20.9,74.4,0,0.233,0,1763936850211
2025-11-23,17:28:00,21,74.4,0,0.229,0,1763936880780
2025-11-23,17:28:30,21,74.3,0,0.227,0,1763936910422
2025-11-23,17:29:00,21,74.4,0,0.241,0,1763936940535
2025-11-23,17:29:30,21,74.3,0,0.25,0,1763936970330
2025-11-23,17:30:00,21,74.3,0,0.258,0,1763937000748
2025-11-23,17:30:29,20.9,74.3,0,0.279,0,1763937029931
2025-11-23,17:31:00,21,74.3,0,0.299,0,1763937060951
2025-11-23,17:31:30,20.9,74.2,0,0.301,0,1763937090836
2025-11-23,17:32:00,21,74.2,0,0.279,0,1763937120252
2025-11-23,17:32:30,21,74.2,0,0.272,0,1763937150653
2025-11-23,17:33:00,20.9,74.1,0,0.269,0,1763937180149
2025-11-23,17:33:31,20.9,74.1,0,0.252,0,1763937211165
2025-11-23,17:34:00,21,74.1,0,0.253,0,1763937240662
2025-11-23,17:34:30,20.9,74,0,0.264,0,1763937270149
2025-11-23,17:35:00,21,74,0,0.235,0,1763937300606
2025-11-23,17:35:30,20.9,74.1,0,0.24,0,1763937330083
2025-11-23,17:36:00,21,74.1,0,0.247,0,1763937360496
2025-11-23,17:36:30,21,74.1,0,0.256,0,1763937390485
2025-11-23,17:37:00,20.9,74.1,0,0.261,0,1763937420484
2025-11-23,17:37:30,20.9,74.1,0,0.256,0,1763937450924
2025-11-23,17:38:02,20.9,74.1,0,0.264,0,1763937482790
2025-11-23,17:38:30,20.9,74.1,0,0.253,0,1763937510400
2025-11-23,17:39:01,20.9,74,0,0.255,0,1763937541160
2025-11-23,17:39:30,20.9,73.8,0,0.254,0,1763937570574
2025-11-23,17:40:00,20.9,73.9,0,0.251,0,1763937600346
2025-11-23,17:40:30,20.9,73.9,0,0.247,0,1763937630289
2025-11-23,17:41:01,20.9,74,0,0.253,0,1763937661033
2025-11-23,17:41:30,20.9,74.2,0,0.245,0,1763937690151
2025-11-23,17:42:00,20.9,74.3,0,0.262,0,1763937720266
2025-11-23,17:42:30,20.9,74.4,0,0.253,0,1763937750619
2025-11-23,17:43:00,20.9,74.5,0,0.248,0,1763937780468
2025-11-23,17:43:30,20.9,74.5,0,0.246,0,1763937810260
2025-11-23,17:44:00,20.9,74.4,0,0.242,0,1763937840624
2025-11-23,17:44:30,20.9,74.4,0,0.255,0,1763937870483
2025-11-23,17:45:00,20.9,74.4,0,0.245,0,1763937900274
2025-11-23,17:45:30,20.9,74.4,0,0.243,0,1763937930356
2025-11-23,17:46:00,20.9,74.4,0,0.243,0,1763937960281
2025-11-23,17:46:30,20.9,74.4,0,0.26,0,1763937990635
2025-11-23,17:47:01,20.9,74.4,0,0.257,0,1763938021581
2025-11-23,17:47:32,20.9,74.3,0,0.281,0,1763938052027
2025-11-23,17:48:07,20.9,74.3,0,0.295,0,1763938087230
2025-11-23,17:48:34,20.9,74.4,0,0.3,0,1763938114375
2025-11-23,17:49:03,20.9,74.3,0,0.305,0,1763938143169
2025-11-23,17:49:32,20.9,74.3,0,0.314,0,1763938172746
2025-11-23,17:50:02,20.9,74.3,0,0.324,0,1763938202963
2025-11-23,17:50:32,20.9,74.3,0,0.312,0,1763938232715
2025-11-23,17:51:03,20.9,74.2,0,0.305,0,1763938263079
2025-11-23,17:51:33,20.9,74.2,0,0.281,0,1763938293131
2025-11-23,17:52:02,20.9,74.2,0,0.266,0,1763938322616
2025-11-23,17:52:40,20.9,74.1,0,0.255,0,1763938360089
2025-11-23,17:53:05,20.9,74.1,0,0.251,0,1763938385597
2025-11-23,17:53:39,20.9,74,0,0.249,0,1763938419230
2025-11-23,17:54:08,20.9,73.9,0,0.251,0,1763938448520
2025-11-23,17:54:36,20.9,74,0,0.253,0,1763938476743
2025-11-23,17:55:06,20.9,73.9,0,0.254,0,1763938506097
2025-11-23,17:55:41,20.9,73.9,0,0.271,0,1763938541502
2025-11-23,17:56:07,20.9,73.9,0,0.284,0,1763938567932
2025-11-23,17:56:37,20.9,73.9,0,0.293,0,1763938597685
2025-11-23,17:57:07,20.9,73.8,0,0.298,0,1763938627663
2025-11-23,17:57:37,20.9,73.9,0,0.3,0,1763938657263
2025-11-23,17:58:07,20.9,73.8,0,0.308,0,1763938687622
2025-11-23,17:58:36,20.9,73.8,0,0.29,0,1763938716897
2025-11-23,17:59:06,20.9,73.8,0,0.297,0,1763938746990
2025-11-23,17:59:37,20.9,73.7,0,0.292,0,1763938777594
2025-11-23,18:00:07,20.9,73.7,0,0.263,0,1763938807335
2025-11-23,18:00:40,20.9,73.8,0,0.268,0,1763938840639
2025-11-23,18:01:07,20.9,73.7,0,0.268,0,1763938867337
2025-11-23,18:01:37,20.9,73.7,0,0.249,0,1763938897211
2025-11-23,18:02:07,20.9,73.7,0,0.242,0,1763938927866
2025-11-23,18:03:12,20.9,73.6,0,0.236,0,1763938992293
2025-11-23,18:03:49,20.9,73.6,0,0.234,0,1763939029784
2025-11-23,18:04:11,20.8,73.6,0,0.252,0,1763939051972
2025-11-23,18:04:42,20.8,73.6,0,0.249,0,1763939082757
2025-11-23,18:05:11,20.9,73.5,0,0.252,0,1763939111903
2025-11-23,18:05:44,20.9,73.5,0,0.261,0,1763939144719
2025-11-23,18:06:15,20.8,73.5,0,0.271,0,1763939175486
2025-11-23,18:06:42,20.8,73.5,0,0.279,0,1763939202772
2025-11-23,18:07:14,20.9,73.5,0,0.278,0,1763939234112
2025-11-23,18:07:42,20.8,73.5,0,0.278,0,1763939262063
2025-11-23,18:08:14,20.9,73.4,0,0.278,0,1763939294627
2025-11-23,18:08:41,20.9,73.4,0,0.284,0,1763939321939
2025-11-23,18:09:12,20.8,73.3,0,0.264,0,1763939352059
2025-11-23,18:09:45,20.8,73.3,0,0.251,0,1763939385330
2025-11-23,18:10:13,20.8,73.3,0,0.241,0,1763939413489
2025-11-23,18:10:42,20.8,73.2,0,0.236,0,1763939442161